{"8": {"score": 0.17480432987213135, "top_left": [4, 21], "bottom_right": [4, 22], "pattern": [[212914134, 228128820, 167890420, 178060096, 123148987, 218213605, 87975386, 76253962, 142091604, 261955950, 66007228, 17981865, 257400260, 263802580, 21563453, 144447520, 244260002, 182597752, 162622041, 144595703, 99512643, 167905565, 214760897, 258940930, 133001110, 219516782, 131542197, 70593140]], "runtime": 0.6333448886871338}}